Events	        post-event	      event	      dashicons-calendar-alt
Portfolio	      post-portfolio	  portfolio	  dashicons-portfolio
Member or Team	post-member	      member	    dashicons-groups
FAQs	          post-faq	        faq	        dashicons-lightbulb
Downloads	      post-download	    download	  dashicons-download
Products	      post-product	    product	    dashicons-products
Items	          post-item	        item	      dashicons-images-alt
Gallery	        post-gallery	    gallery	    dashicons-format-gallery
Services	      post-service	    service	    dashicons-book
Testimonials	  post-testimonial	testimonial	dashicons-testimonial
Resources	      post-resource	    resource	  dashicons-pressthis
Articles	      post-article	    article	    dashicons-format-aside
Work	          post-work	        work	      dashicons-portfolio
Sections	      post-section	    section	    dashicons-editor-insertmore
Educations	    post-education	  education	  dashicons-book-alt
Companies	      post-company	    company	    dashicons-building
Projects	      post-projects	    project	    dashicons-feedback
Case studies	  post-case-study	  case-study	dashicons-exerpt-view
